ID,ZONAS,SUCURSALES ,NIS,TECNICO REFERENTE,TELEFONO,DIRECCION,IMAGEN SUCURSAL,IMAGEN TECNICO 1,IMAGEN TECNICO 2
,CABA,Villa Urquiza,C0031,Aquino Diego Daniel,4521-9949,"Av. Monroe 5254, Buenos Aires",https://streetviewpixels-pa.googleapis.com/v1/thumbnail?panoid=uumhUc7LRrXN3Udl3AMh7g&cb_client=search.gws-prod.gps&w=408&h=240&yaw=152.50993&pitch=0&thumbfov=100,,
,CABA,Oficios Judiciales,,Aquino Diego Daniel,,,,,
,CABA,Ministerio (JP),,,,,,,
,CABA,Villa Soldati,C0038,Aquino Diego Daniel,4918-5843,"José Martí 2995, C1437 BXE, Buenos Aires",https://streetviewpixels-pa.googleapis.com/v1/thumbnail?panoid=9AhYtOooezBNI3cSQrnyXg&cb_client=search.gws-prod.gps&w=408&h=240&yaw=229.0187&pitch=0&thumbfov=100,,
,CABA,Villa Real,C0063,Aquino Diego Daniel,4568-1817,"Av. Lope de Vega 2888, C1417COZ CABA",https://streetviewpixels-pa.googleapis.com/v1/thumbnail?panoid=6dQg0eI-1pAH8FnGQsxQGg&cb_client=search.gws-prod.gps&w=408&h=240&yaw=212.42621&pitch=0&thumbfov=100,,
,CABA,Villa Pueyrredon,C0018,Aquino Diego Daniel,4587-8270,"Terrada 4675, C1419 DKS, Buenos Aires",https://lh5.googleusercontent.com/p/AF1QipP8GOeNpjk9rrsSYFlM5dZAcKQodW0hJ79-fp4y=w426-h240-k-no,,
,CABA,Villa Lugano,C0039,Aquino Diego Daniel,4601-0018,"Av. Riestra 5719, C1439BYI CABA",https://streetviewpixels-pa.googleapis.com/v1/thumbnail?panoid=oO_v5DXmHH1m3NFxf5oxSA&cb_client=search.gws-prod.gps&w=408&h=240&yaw=317.20813&pitch=0&thumbfov=100,,
,CABA,Villa Devoto,C0019,Aquino Diego Daniel,4501-0684,"Av. San Martín 6354, C1419ICN CABA",https://streetviewpixels-pa.googleapis.com/v1/thumbnail?panoid=helRrLMtzaXUAkAn91HGLA&cb_client=search.gws-prod.gps&w=408&h=240&yaw=206.60016&pitch=0&thumbfov=100,,
,CABA,Villa Del Parque,C0017,Aquino Diego Daniel,4504-7235,"Helguera 2901, C1417CQO CABA",https://streetviewpixels-pa.googleapis.com/v1/thumbnail?panoid=N9GcHjdJZZRlvlPklGoiVQ&cb_client=search.gws-prod.gps&w=408&h=240&yaw=62.31091&pitch=0&thumbfov=100,,
,CABA,Villa Crespo,C0022,Aquino Diego Daniel,4857-6829,"Raúl Scalabrini Ortiz 176, C1414DNO CABA",https://streetviewpixels-pa.googleapis.com/v1/thumbnail?panoid=mVfo1PjAPLUQ8Iojm-fKAw&cb_client=search.gws-prod.gps&w=408&h=240&yaw=324.45154&pitch=0&thumbfov=100,,
,CABA,Tribunales,C0076,Aquino Diego Daniel,4372-4692,"Paraná 777, C1017 CABA",https://lh5.googleusercontent.com/proxy/v4e1LJxknRKrdyzgfIx2aIRPPrlesu6yQc3DR6JhMkt29lf0O98KC81o4iH0T2OLYb65SD8dNCHksL1oOiRpnaIB4-KEEFLkncZZEfYdk5szeyhuln6wtv9Qe8wznYtw6bQ50CQ_qqZlz0hPvqwH4ZkHXUH-cVRP8g6-R_pSBOrQ=w427-h240-k-no,,
,CABA,Tienda Filatelia Correo,C5259,Aquino Diego Daniel,,"Tte. Gral. Juan Domingo Perón 321, C1038 AAG, Buenos Aires",https://streetviewpixels-pa.googleapis.com/v1/thumbnail?panoid=1eBHxgMiBsTYj1YIrecOog&cb_client=search.gws-prod.gps&w=408&h=240&yaw=350.7095&pitch=0&thumbfov=100,,
,EDIFICIOS,Suc. Ctro. Postal Internacional,C2061,Jara Benitez Rodrigo,4316-1742,"Av. Antártida Argentina 1100, C1104 CABA",https://lh5.googleusercontent.com/p/AF1QipM2gQmhZSowiKsslaTrSCdUty1zUngRhMo0nKvJ=w408-h306-k-no,,
,CABA,Scios. Especiales/av. san juan 1349-cap.,C2060,Jara Benitez Rodrigo,4304-8497,"Av. San Juan 1349, C1148AAB CABA",https://streetviewpixels-pa.googleapis.com/v1/thumbnail?panoid=KRui9hbjTM2NiopC_IbYIQ&cb_client=search.gws-prod.gps&w=408&h=240&yaw=351.38156&pitch=0&thumbfov=100,,
,CABA,San Telmo,C0020,Aquino Diego Daniel,4331-0664,"Dr, Bernardo de Irigoyen 698, C1072 CABA",https://lh5.googleusercontent.com/p/AF1QipOQY1ygS9bAHZiCvt_a-_qFspDzKepOchZ0X4nC=w408-h544-k-no,,
,CABA,Plaza Rodriguez Peña,,Aquino Diego Daniel,,"Uruguay 1069, C1016 CABA",,,
,CABA,San Cristobal,C0023,Aquino Diego Daniel,4957-1503,"Av. San Juan 3001, C1233ABA CABA",https://streetviewpixels-pa.googleapis.com/v1/thumbnail?panoid=F4jbWIoWySZl94J_aK0lqw&cb_client=search.gws-prod.gps&w=408&h=240&yaw=353.7428&pitch=0&thumbfov=100,,
,CABA,Saavedra,C0056,Aquino Diego Daniel,4542-3695,"Plaza 3855, C1430DIO CABA",https://streetviewpixels-pa.googleapis.com/v1/thumbnail?panoid=tmFqoN9bAeNoWcgYwdrujw&cb_client=search.gws-prod.gps&w=408&h=240&yaw=43.055523&pitch=0&thumbfov=100,,
,CABA,Reservistas Argentinos 101/Liniers,,Aquino Diego Daniel,,"Av. Reservistas Argentinos 101, Buenos Aires",https://streetviewpixels-pa.googleapis.com/v1/thumbnail?panoid=uiA_okMOft0NHd2Fps7ZTQ&cb_client=search.gws-prod.gps&w=408&h=240&yaw=57.711456&pitch=0&thumbfov=100,,
,CABA,Recoleta,C0010,Aquino Diego Daniel,4816-7614,"Av. Callao 1577, C1024 CABA",https://argentinafirm.com/photo/85223.jpg,,
,CABA,Plaza R. Peña,C0048,Aquino Diego Daniel,4816-7543,"Uruguay 1069, C1016 CABA",https://lh5.googleusercontent.com/p/AF1QipPzt6CI74dzTlhpOcW3eW9rnZyN2KQigLjnEsrl=w408-h306-k-no,,
,CABA,Plaza Las Heras,C0061,Aquino Diego Daniel,4807-3038,"Laprida 2128, C1126 CABA",https://streetviewpixels-pa.googleapis.com/v1/thumbnail?panoid=DIKu37dd2mIB12NHyplhFg&cb_client=search.gws-prod.gps&w=408&h=240&yaw=324.9083&pitch=0&thumbfov=100,,
,CABA,Plaza Italia,C0025,Aquino Diego Daniel,4831-0707,"Av. Santa Fe 3882, C1425 CABA",https://lh5.googleusercontent.com/p/AF1QipO9ASNao3T3sFLwJ-p0cWHU3NcbngrOqXRpocBx=w408-h544-k-no,,
,CABA,Paternal,C0016,Aquino Diego Daniel,4588-0790,"Av. San Martín 2710, C1416 CABA",https://lh5.googleusercontent.com/p/AF1QipNPVfI_zmUAhPOTXFbjICGfkESpbLTvj_zzWFlr=w408-h306-k-no,,
,CABA,Parque Patricios,C0035,Aquino Diego Daniel,2004-7032,"Av. Caseros 2469 C1264AAE, C1264 AAE, Buenos Aires",https://lh5.googleusercontent.com/p/AF1QipMsBQa6_hfvIcsF46RoRXXewR6wHwN57A_iBG6F=w408-h544-k-no,,
,CABA,Parque Chas,C0041,Aquino Diego Daniel,4521-8357,"Av. de los Incas 4624, C1427 CABA",https://lh5.googleusercontent.com/proxy/G0yQ-_nh9BBj-CrpQokZx2ysq__oz-gNdwOoDer7chk55Acxg1JBJW-BrkCy9_cLJXC4JWLNUYUzw0nQnwj1I6PjRcuejaNQaPiCjobmRJsDP_yH3ts-LXsukXW9IEQ_n6hLTDX1rPrwpa4aubMtJw27-yydhJvjG594ShyYre1W=w408-h726-k-no,,
,CABA,Parque Chacabuco,C0011,Aquino Diego Daniel,4632-9496,"Curapaligüe 815, C1406 CABA",https://lh5.googleusercontent.com/p/AF1QipPS-or2ypf2UjaPZFfroiIBQfzFXg0JkNOwtWK6=w408-h306-k-no,,
,CABA,Parque Centenario,C0005,Aquino Diego Daniel,4982-2486,"Av. Angel Gallardo 756, C1405DJU CABA",https://streetviewpixels-pa.googleapis.com/v1/thumbnail?panoid=vClAk8bxr0i4O_tqBsUfTQ&cb_client=search.gws-prod.gps&w=408&h=240&yaw=155.2064&pitch=0&thumbfov=100,,
,CABA,Paraguay 767,C0085,Aquino Diego Daniel,4549-3321,"Paraguay 767, C1057AAI CABA",https://streetviewpixels-pa.googleapis.com/v1/thumbnail?panoid=KIrhFmmbpG-K41jkt9VdYw&cb_client=search.gws-prod.gps&w=408&h=240&yaw=324.97366&pitch=0&thumbfov=100,,
,CABA,Palermo,C2205,Aquino Diego Daniel,4829-1752,"Av. Cnel. Díaz 2190, C1425 CABA",https://lh5.googleusercontent.com/p/AF1QipO_PIqHdsgAKJZrANnYDqEqzmhavrt6e6TY_sL0=w408-h544-k-no,,
,CABA,Once,C0003,Aquino Diego Daniel,4862-4859,"Tte. Gral. Juan Domingo Perón 2821, C1198 CABA",https://streetviewpixels-pa.googleapis.com/v1/thumbnail?panoid=bX_tQymTclmoVo5c8D0A5w&cb_client=search.gws-prod.gps&w=408&h=240&yaw=344.2077&pitch=0&thumbfov=100,,
,CABA,Obelisco,C0065,Aquino Diego Daniel,4382-0584,"Cerrito 368, C1010 CABA",https://streetviewpixels-pa.googleapis.com/v1/thumbnail?panoid=5lkBpj_dc7y9SZHO22q6XA&cb_client=search.gws-prod.gps&w=408&h=240&yaw=270.33075&pitch=0&thumbfov=100,,
,CABA,Nuñez,C0029,Aquino Diego Daniel,4702-3627,"Av. Cabildo 4576, C1429 CABA",https://lh5.googleusercontent.com/p/AF1QipOKHq9ogFoiIECHI8ZBfvbg7_C_OVdWjghRQac=w426-h240-k-no,,
,CABA,Nueva Pompeya,C0037,Aquino Diego Daniel,4911-9816,"Del Barco Centenera 2933, C1437ACB Cdad. Autónoma de Buenos Aires",https://lh5.googleusercontent.com/p/AF1QipOPJjc-Hg1UEcr60mrdI76RSuRgPxJHDwhj_AG6=w426-h240-k-no,,
,CABA,Monte Castro,C0009,Aquino Diego Daniel,4566-1212,"Av. Álvarez Jonte 5150, C1128 CABA",https://streetviewpixels-pa.googleapis.com/v1/thumbnail?panoid=q23RBNKxuP9SNVgjRh_Fzw&cb_client=search.gws-prod.gps&w=408&h=240&yaw=141.14938&pitch=0&thumbfov=100,,
,CABA,Monserrat,C0021,Aquino Diego Daniel,4382-8402,"Av. Entre Ríos 452, C1079 CABA",https://lh5.googleusercontent.com/p/AF1QipN9Hqn2wREeiElbn2AqU28Pf8JG1neU-2yaYQnk=w408-h544-k-no,,
,CABA,Ministerio De Economía,C0059,Aquino Diego Daniel,4349-5059,"Pte, Av. Hipólito Yrigoyen 250, C1086 CABA",https://streetviewpixels-pa.googleapis.com/v1/thumbnail?panoid=q1-W2HlmRzOpnHHYjYKFlQ&cb_client=search.gws-prod.gps&w=408&h=240&yaw=249.56049&pitch=0&thumbfov=100,,
,CABA,Minipost Trib. (Tribunales I),C2102,Aquino Diego Daniel,4374-1883,"Talcahuano 550, C1013AAL CABA",https://lh5.googleusercontent.com/p/AF1QipPSdtUTnrvfVyAMir2l2yB0S40LZFVIzhzQBZsq=w408-h382-k-no,,
,CABA,Mataderos,C0040,Aquino Diego Daniel,4687-1445,Av. Juan Bautista Alberdi 5924 C1440AAX CABA,https://streetviewpixels-pa.googleapis.com/v1/thumbnail?panoid=q9XDa3VEG-5NabzpCcVPUA&cb_client=search.gws-prod.gps&w=408&h=240&yaw=121.62951&pitch=0&thumbfov=100,,
,CABA,Liniers,C0008,Aquino Diego Daniel,4644-0892,"Av. Rivadavia 11256, C1408 CABA",https://lh5.googleusercontent.com/p/AF1QipOiVJyxBE_REB48KeIUVsmmzj5Y1YnBnBo-YyPx=w408-h408-k-no,,
,CABA,La Boca,C0032,Aquino Diego Daniel,4362-5895,"Av. Almte. Brown 780, C1155AER CABA",https://lh6.googleusercontent.com/proxy/7nr05HuxERhZggZdrvBOLOh7HjSo6DjnQp6sfdrCmKWlHlEGHofVRQphWBlEDaZjD01YTtG4FxyxQAWQd6gEcJ8K-cdrby7VaOXqXhjeowWfQUeGqGtXlQepVGPVX8nEdCv8vscjyGWYj4vevVxtCc9qCWNKPbY6jI62RGkNf8x0=w427-h240-k-no,,
,CABA,Floresta,C0007,Aquino Diego Daniel,4671-5997,"Carrasco 31, C1407AUA CABA",https://streetviewpixels-pa.googleapis.com/v1/thumbnail?panoid=2N08IP25LomgnWrPZPlHvA&cb_client=search.gws-prod.gps&w=408&h=240&yaw=32.9412&pitch=0&thumbfov=100,,
,CABA,Flores,C0072,Aquino Diego Daniel,4637-8043,"Artigas, Gral. José Gervasio Artigas 40, C1406 Buenos Aires",https://lh5.googleusercontent.com/p/AF1QipP7tAO7T1AlAbcVmrUrLsiQxH3pqmrvG1MC19DT=w408-h306-k-no,,
,CABA,Filatelia Web,O6010,Aquino Diego Daniel,4893-0618,"Paraguay 767, C1057AAI CABA",https://streetviewpixels-pa.googleapis.com/v1/thumbnail?panoid=KIrhFmmbpG-K41jkt9VdYw&cb_client=search.gws-prod.gps&w=408&h=240&yaw=324.97366&pitch=0&thumbfov=100,,
,CABA,Filatelia,C0500,Aquino Diego Daniel,4549-3325,"Paraguay 767, C1057AAI CABA",https://streetviewpixels-pa.googleapis.com/v1/thumbnail?panoid=KIrhFmmbpG-K41jkt9VdYw&cb_client=search.gws-prod.gps&w=408&h=240&yaw=324.97366&pitch=0&thumbfov=100,,
,CABA,Facultad,C0053,Aquino Diego Daniel,4964-5176,"Viamonte 2451, C1056 ABM, Buenos Aires",https://lh5.googleusercontent.com/p/AF1QipOfxH7VLBEFcNPrkR_pl4hbwJ4iVoPPrfGWnDe-=w408-h398-k-no,,
,CABA,Estación Retiro,C0060,Aquino Diego Daniel,4515-0796,"Av. del Libertador 132, C1001 ABO, Buenos Aires",https://streetviewpixels-pa.googleapis.com/v1/thumbnail?panoid=ZNtpTygEjbkpcmbteTw1_A&cb_client=search.gws-prod.gps&w=408&h=240&yaw=255.8906&pitch=0&thumbfov=100,,
,CABA,Estacion Constitución,C0051,Aquino Diego Daniel,4304-8076,"Av. Brasil 1153, C1154 CABA",https://streetviewpixels-pa.googleapis.com/v1/thumbnail?panoid=ScZrleRxz3wlF04h9YkM3Q&cb_client=search.gws-prod.gps&w=408&h=240&yaw=344.23444&pitch=0&thumbfov=100,,
,CABA,Directorio y Moreno,C0024,Aquino Diego Daniel,4922-8047,"Av. Directorio 552, C1424CIS CABA",https://streetviewpixels-pa.googleapis.com/v1/thumbnail?panoid=FXc-zgGF-IYC6g5vOUbGRw&cb_client=search.gws-prod.gps&w=408&h=240&yaw=181.91843&pitch=0&thumbfov=100,,
,CABA,Congreso,C0002,Aquino Diego Daniel,4372-5082,"Av. Callao 131, C1022 CABA",https://streetviewpixels-pa.googleapis.com/v1/thumbnail?panoid=pFCzgIjJa84-tbKM7DMFhg&cb_client=search.gws-prod.gps&w=408&h=240&yaw=110.51507&pitch=0&thumbfov=100,,
,CABA,Comando Jefe Ejercito,C0055,Aquino Diego Daniel,4343-3325,"Azopardo 250, C1107 CABA",https://streetviewpixels-pa.googleapis.com/v1/thumbnail?panoid=QLxxGC5Mv6qp16bo-GxQyQ&cb_client=search.gws-prod.gps&w=408&h=240&yaw=87.303345&pitch=0&thumbfov=100,,
,CABA,Colegio De Abogados (Tribunales),C4932,Aquino Diego Daniel,4372-3828,"Av. Corrientes 1441, C1042 AAA, Buenos Aires",https://streetviewpixels-pa.googleapis.com/v1/thumbnail?panoid=7ttjcabnFuuYxKL8iqCo7Q&cb_client=search.gws-prod.gps&w=408&h=240&yaw=349.82306&pitch=0&thumbfov=100,,
,CABA,Colegiales,C0026,Aquino Diego Daniel,4775-3962,"Av. Federico Lacroze 2476, C1426 CABA",https://lh4.googleusercontent.com/proxy/NzuTv2mQDR39U2IDws5eNJ3ycCsEHOQVzDrskQt0Gp7pC0YdCGCTE17JU1OwoIykTXQt3pvOtw52yHRZjNkYv-SxWD1yhlSZNn_1v4fqrFSzRJ8jyqAKEEA6gFRU0FrjN2JpE3D2244jcfk_kCeWU1o8mg8Oz6s-Wp2jwM4u_1Hd=w427-h240-k-no,,
,CABA,Coghlan,C0030,Aquino Diego Daniel,4542-8413,"Av. Monroe 3381, C1430BKN CABA",https://streetviewpixels-pa.googleapis.com/v1/thumbnail?panoid=6g2OQYyohI9qPCUINGUc8g&cb_client=search.gws-prod.gps&w=408&h=240&yaw=321.93668&pitch=0&thumbfov=100,,
,CABA,Chacarita,C0071,Aquino Diego Daniel,4553-7745,"Av. Federico Lacroze 4164, C1427EDT CABA",https://lh3.googleusercontent.com/proxy/i5CTGrYXULVvCCmWzHiK3PWlEBr0VIE_UYdcr6BuMK-uAb85tdi0wi5GsFG5o3UBbOoCpAUkP9SuRhhI4_ypcjAzSVkaYaVBaXro3M3haClrYIGdBHTYonwt1CycLCyYmpgJRfJZhS2i2GGWgLlIzt0VrE0uVqnCNcRMx5W2qUAb=w408-h726-k-no,,
,CABA,Centro Distrib. Espec. Mte. Castro,,Aquino Diego Daniel,,"4799, C1417GAQ, Marcos Sastre 4751, C1417GAQ CABA",https://streetviewpixels-pa.googleapis.com/v1/thumbnail?panoid=zgh3DSTZsTiXh7Yqr7IoeA&cb_client=search.gws-prod.gps&w=408&h=240&yaw=103.03868&pitch=0&thumbfov=100,,
,CABA,Centro Distrib. Espec. Barracas,,Aquino Diego Daniel,+54 9 11 2551 3565,"José Aarón Salmún Feijóo 555, C1274AGE CABA",https://streetviewpixels-pa.googleapis.com/v1/thumbnail?panoid=Osr_UqBMmkWTy0-DvUNgYA&cb_client=search.gws-prod.gps&w=408&h=240&yaw=242.5322&pitch=0&thumbfov=100,,
,CABA,Centro,C0000,Jara Benitez Rodrigo,5282-3049,"Tte Gral, Tte. Gral. Juan Domingo Perón 321, C1038 CABA",https://lh5.googleusercontent.com/p/AF1QipOY1D8azlfCPYPPLR3p0LSVNO_TdjC6-RlNhl8J=w426-h240-k-no,,
,CABA,CDD 7,,Aquino Diego Daniel,4671-8719 /4672-3646,"Carrasco 37, C1407AUA CABA",https://streetviewpixels-pa.googleapis.com/v1/thumbnail?panoid=a6wre6cEwW9-JS_mwnI9rQ&cb_client=search.gws-prod.gps&w=408&h=240&yaw=137.10472&pitch=0&thumbfov=100,,
,CABA,CDD 6,,Aquino Diego Daniel,4637-7754/4613-2895,Av. Juan Bautista Alberdi 3177 B1406 Buenos Aires,https://streetviewpixels-pa.googleapis.com/v1/thumbnail?panoid=_WtvQaH7MXv6trBlZlm4Cg&cb_client=search.gws-prod.gps&w=408&h=240&yaw=351.94147&pitch=0&thumbfov=100,,
,CABA,CDD 5,,Aquino Diego Daniel,4982-1844/4981-0688,"Antonio Machado 649, C1405DIC CABA",https://streetviewpixels-pa.googleapis.com/v1/thumbnail?panoid=_XkwP-pyZ8Quh0eiRjIA3A&cb_client=search.gws-prod.gps&w=408&h=240&yaw=329.48444&pitch=0&thumbfov=100,,
,CABA,CDD 40,,Aquino Diego Daniel,4687-1234-686-2066,Av. Juan Bautista Alberdi 5924 C1440AAX CABA,https://streetviewpixels-pa.googleapis.com/v1/thumbnail?panoid=q9XDa3VEG-5NabzpCcVPUA&cb_client=search.gws-prod.gps&w=408&h=240&yaw=121.62951&pitch=0&thumbfov=100,,
,CABA,CDD 39,,Aquino Diego Daniel,4601-1456,Murguiondo 3961 C1439FQU CABA,https://streetviewpixels-pa.googleapis.com/v1/thumbnail?panoid=bOtlCamJ8rZ7m7KbNmEUqQ&cb_client=search.gws-prod.gps&w=408&h=240&yaw=214.8946&pitch=0&thumbfov=100,,
,CABA,CDD 37,,Aquino Diego Daniel,4912-5871,"Ventura de la Vega 3940, C1437 CABA",https://streetviewpixels-pa.googleapis.com/v1/thumbnail?panoid=3vuB1E79Zj_LfyNNB3y_FQ&cb_client=search.gws-prod.gps&w=408&h=240&yaw=129.24857&pitch=0&thumbfov=100,,
,CABA,CDD 34,,Jara Benitez Rodrigo,5941-3308/3309,"Santiago del Estero 1167, C1103 CABA",https://streetviewpixels-pa.googleapis.com/v1/thumbnail?panoid=MKxrvOh84nOoZWZQRgfHVw&cb_client=search.gws-prod.gps&w=408&h=240&yaw=273.32413&pitch=0&thumbfov=100,,
,CABA,CDD 33,,Aquino Diego Daniel,5432-2613/14,José Aarón Salmún Feijóo 555 C1274AGE CABA,https://streetviewpixels-pa.googleapis.com/v1/thumbnail?panoid=Osr_UqBMmkWTy0-DvUNgYA&cb_client=search.gws-prod.gps&w=408&h=240&yaw=242.5322&pitch=0&thumbfov=100,,
,CABA,CDD 30,,Aquino Diego Daniel,4542-2225,Av. Monroe 3390 C1430BKN CABA,https://streetviewpixels-pa.googleapis.com/v1/thumbnail?panoid=YJwOSzXFJeDtEICacLkKdA&cb_client=search.gws-prod.gps&w=408&h=240&yaw=150.18808&pitch=0&thumbfov=100,,
,CABA,CDD 28,,Aquino Diego Daniel,4783-3180,"Av. Cabildo 2349, C1428AAF CABA",https://streetviewpixels-pa.googleapis.com/v1/thumbnail?panoid=14A-qhUz_cYp4lQImVyGtg&cb_client=search.gws-prod.gps&w=408&h=240&yaw=50.51719&pitch=0&thumbfov=100,,
,CABA,CDD 25,,Aquino Diego Daniel,,,,,
,CABA,CDD 27,,Aquino Diego Daniel,4551-8407/7021,"Virrey Arredondo 2959, C1426EAC CABA",https://streetviewpixels-pa.googleapis.com/v1/thumbnail?panoid=B7ar8KSQqjYDD51NgC2fJw&cb_client=search.gws-prod.gps&w=408&h=240&yaw=346.3949&pitch=0&thumbfov=100,,
,CABA,CDD 24,,Aquino Diego Daniel,4922-2597,"Craig 805, C1424ACE CABA",https://streetviewpixels-pa.googleapis.com/v1/thumbnail?panoid=Vy44fBUFbeYk5R19OOZEHw&cb_client=search.gws-prod.gps&w=408&h=240&yaw=210.52313&pitch=0&thumbfov=100,,
,CABA,CDD 23,,Aquino Diego Daniel,4931-8292/6163,"La Rioja 1189, C1221ACM CABA*",https://streetviewpixels-pa.googleapis.com/v1/thumbnail?panoid=PjPd-vsjds5PlI2FCQtIiQ&cb_client=search.gws-prod.gps&w=408&h=240&yaw=297.5941&pitch=0&thumbfov=100,,
,CABA,CDD 17,,Aquino Diego Daniel,4504-4909/9017,"Helguera 2901, C1417CQO CABA",https://streetviewpixels-pa.googleapis.com/v1/thumbnail?panoid=N9GcHjdJZZRlvlPklGoiVQ&cb_client=search.gws-prod.gps&w=408&h=240&yaw=62.31091&pitch=0&thumbfov=100,,
,CABA,CDD 16,,Aquino Diego Daniel,4581-4107/0494/0801,"Av. San Martín no 2710, Buenos Aires",https://streetviewpixels-pa.googleapis.com/v1/thumbnail?panoid=hHdUpUk0t9F7a3kt5Z3Wzw&cb_client=search.gws-prod.gps&w=408&h=240&yaw=191.00166&pitch=0&thumbfov=100,,
,CABA,CDD 13,,Aquino Diego Daniel,4862-3424/4862-7787,"Av. Corrientes 3702, Buenos Aires ",https://streetviewpixels-pa.googleapis.com/v1/thumbnail?panoid=7iDLN9ukuGxTUEDuSsQOGg&cb_client=search.gws-prod.gps&w=408&h=240&yaw=196.8028&pitch=0&thumbfov=100,,
,CABA,CDD 12,,Aquino Diego Daniel,4821-9352/4825-2152,Av. Pueyrredón 1352 C1118*AAQ CABA,https://streetviewpixels-pa.googleapis.com/v1/thumbnail?panoid=Yn9timrFkP1MgByJnx5ODg&cb_client=search.gws-prod.gps&w=408&h=240&yaw=295.00632&pitch=0&thumbfov=100,,
,CABA,Sarmiento 151/CABA,,Aquino Diego Daniel,,,,,
,CABA,Caye RETIRO,C5290,Jara Benitez Rodrigo,4316-1734,"Av. Antártida Argentina 1100, C1104 CABA",https://lh5.googleusercontent.com/p/AF1QipM2gQmhZSowiKsslaTrSCdUty1zUngRhMo0nKvJ=w408-h306-k-no,,
,CABA,Catalinas,C0058,Aquino Diego Daniel,4893-1495,"Av. Leandro N. Alem 616, C1001 AAO, Buenos Aires",https://streetviewpixels-pa.googleapis.com/v1/thumbnail?panoid=NU5oUn3_iMgUCsVIRY4wag&cb_client=search.gws-prod.gps&w=408&h=240&yaw=283.1326&pitch=0&thumbfov=100,,
,CABA,Caballito,C0049,Aquino Diego Daniel,4903-7833,"Av. Rivadavia 5337, C1424 CABA",SUC_Images/53.IMAGEN.184855.png,,
,CABA,Belgrano,C0028,Aquino Diego Daniel,4784-2590,"Av. Cabildo 2349, C1428AAF CABA",https://streetviewpixels-pa.googleapis.com/v1/thumbnail?panoid=14A-qhUz_cYp4lQImVyGtg&cb_client=search.gws-prod.gps&w=408&h=240&yaw=50.51719&pitch=0&thumbfov=100,,
,CABA,Barrio Norte,C0012,Aquino Diego Daniel,4827-9414,"Av. Pueyrredón 1352, C1118AAQ CABA",https://streetviewpixels-pa.googleapis.com/v1/thumbnail?panoid=Yn9timrFkP1MgByJnx5ODg&cb_client=search.gws-prod.gps&w=408&h=240&yaw=295.00632&pitch=0&thumbfov=100,,
,CABA,Barracas,C0033,Aquino Diego Daniel,4303-7279,"Suárez 1750, C1288 CABA",https://streetviewpixels-pa.googleapis.com/v1/thumbnail?panoid=-JQW6PqPPGYK5L8rbrfDTA&cb_client=search.gws-prod.gps&w=408&h=240&yaw=138.22182&pitch=0&thumbfov=100,,
,CABA,Banco Nación,C0052,Aquino Diego Daniel,4331-7477,"AAF, Bartolomé Mitre 326, C1036 Avellaneda, Buenos Aires",https://lh5.googleusercontent.com/p/AF1QipPFcTiAScExUVDgpCoUQU7zosQemL_wtTjwi28=w426-h240-k-no,,
,CABA,Avenida De Mayo,C0001,Aquino Diego Daniel,4345-4328,"Av. de Mayo 770, C1084 AAP, Buenos Aires",https://streetviewpixels-pa.googleapis.com/v1/thumbnail?panoid=nSqie0YrKSBmjDAISFyCXg&cb_client=search.gws-prod.gps&w=408&h=240&yaw=163.1442&pitch=0&thumbfov=100,,
,CABA,Almagro,C0004,Aquino Diego Daniel,4981-1761,"Av. Medrano 66, C1204 CABA",https://streetviewpixels-pa.googleapis.com/v1/thumbnail?panoid=k6DuYMZXxGop79Rz2N5njQ&cb_client=search.gws-prod.gps&w=408&h=240&yaw=256.99036&pitch=0&thumbfov=100,,
,CABA,Aeroparque,,Aquino Diego Daniel,4776-5782,"Aeroparque Internacional Jorge Newbery, Buenos Aires",SUC_Images/9.IMAGEN.220254.png,,
,CABA,Abasto,C0013,Aquino Diego Daniel,4862-4206,"Av. Corrientes 3702, C1194AAQ CABA",https://streetviewpixels-pa.googleapis.com/v1/thumbnail?panoid=7iDLN9ukuGxTUEDuSsQOGg&cb_client=search.gws-prod.gps&w=408&h=240&yaw=196.8028&pitch=0&thumbfov=100,,
,CABA,Pompeya,,Aquino Diego Daniel,,,,,
,CABA,Ventura de la Vega 3940/CABA,,Aquino Diego Daniel,,Ventura de la Vega 3940/CABA,,,
,CABA,Av. Saenz 753/CABA,,Aquino Diego Daniel,,,,,
,CABA,CAPITAL HUMANO,,Aquino Diego Daniel,,,,,
,EDIFICIOS,Sede Central Operativa Mte. Grande 2,,Almiron Sergio Octavio,+54 9 11 2385-1891,"Av. V. Fair 1398-1300, El Jagüel, Provincia de Buenos Aires",https://lh5.googleusercontent.com/p/AF1QipPRDsDRKY7-qobCtJjGtH2p0PHsFOqDpS8tbGF7=w426-h240-k-no,,
,EDIFICIOS,Planta Tortuguitas,,Rodriguez Basualdo Jose Luis,+54 9 11 5387-0716,"B1667JHH, Estados Unidos 4602-5100, B1667JHH Area de Promoción El Triángulo, Provincia de Buenos Aires",https://lh5.googleusercontent.com/p/AF1QipPqv3sg6IYJHzQwMqZ16zY_RyrfO09qdvbK5X-f=w408-h306-k-no,,
,EDIFICIOS,Planta Retiro,,Jara Benitez Rodrigo,4316-1742,"Av. Antártida Argentina 1100, C1104 CABA",SUC_Images/8.IMAGEN.024956.png,,
,EDIFICIOS,Av. de los Inmigrantes 1950/1° P./Caba,,Jara Benitez Rodrigo,,"Ferrocarriles Del Estado, Edificio Ferrocarriles del Estado, Av. de los Inmigrantes 1950, Buenos Aires",,,
,EDIFICIOS,Ancaste 3001/CABA,,Jara Benitez Rodrigo,,,,,
,EDIFICIOS,Edificio San Juan,,Jara Benitez Rodrigo,4957-1503,"Av. San Juan 1349, C1148 CABA",https://lh6.googleusercontent.com/proxy/_j5wVQyxbAzZAExEu-tTNIbydUsb9EBBxir9evHAHdzy4P15MU3qQ4THCZJLug2FSzw7Ejt7494yWQ2RhudQlH3ZcJaKgy_j7r8CbC-6suQgEHhtSgJRkAiQhiDvuEdJSg9qE1RxTcQfQv2xPwHyeqleS1nuLC93LRwdTCm4o8v2=w408-h306-k-no,,
,EDIFICIOS,San Juan y San Jose (San Juan 1349),,Jara Benitez Rodrigo,,"Av. San Juan 1349, C1148 CABA",,,
,EDIFICIOS,Edificio French,,Aquino Diego Daniel,+54 9 11 2551 3565,"Brandsen 2070, C1295 CABA",https://lh5.googleusercontent.com/p/AF1QipM6IKo4-50uwWYTCYaDWGBcmyX2K9MSTehO1TSl=w408-h725-k-no,,
,EDIFICIOS,Central Operativa Mte. Grande,,Almiron Sergio Octavio,+54 9 11 2385-1891,"Av. V. Fair 1101, B1842 Monte Grande, Provincia de Buenos Aires",https://silvestrijuanpablo.files.wordpress.com/2020/03/correo-monte-grande-4.jpeg?w=1024,,
,EDIFICIOS,CDD Casa Central,,Jara Benitez Rodrigo,,,,,
,NORTE,William Morris,B3906,Cuello Francisco Waldemar,4452-4882,"Gral. Conrado Villegas 1764, B1681 William C. Morris, Provincia de Buenos Aires",https://streetviewpixels-pa.googleapis.com/v1/thumbnail?panoid=g6UpS8l9C4kJ8xXUeDOOag&cb_client=search.gws-prod.gps&w=408&h=240&yaw=125.246506&pitch=0&thumbfov=100,,
,NORTE,Villa San Andres,B0022,Cuello Francisco Waldemar,4713-9011,"Maestro Soule San Martin 501, B6720 San Andres de Giles, Provincia de Buenos Aires",https://lh6.googleusercontent.com/proxy/Dzu2gBP7v3HHa-bFZClckuNbffch8qCKM0vpHA9EohCglahkHQjTERs1rJEKlHPa7yaVHzHMdp4ncUd2VbJksitY9_yILCJ7ZbPcMW37dTZeQhJfvMO_R14X_p_W-vX9DUk47g5vmWYOtejydmDb5HCQbO2CB72I7Fs-NbuAP5G3=w408-h306-k-no,,
,NORTE,Villa Martelli,B0005,Cuello Francisco Waldemar,4709-5326,"Francisco N. de Laprida 3586, C1603 Villa Martelli, Buenos Aires",https://lh6.googleusercontent.com/proxy/D5rNcAmTJqW_p0AqEzxLKg2p2cyGlQltwhGKPhy0Xz47X0-Cj029mWw9uJiuX9SQD0DfkOLAJ4oMpU3eMtA59nhtD1m4WYj09a5gTZ-zsWAppxEWAem8gBTi_Ua9eEuDxO_bP9DCV_SDGLQ_mGCq1SVtQ0IQ4idXcWHWTaETTz1H=w408-h726-k-no,,
,NORTE,Villa Lynch,B0016,Cuello Francisco Waldemar,4755-9531,"República del Líbano 4041, B1672 Villa Lynch, Provincia de Buenos Aires",https://streetviewpixels-pa.googleapis.com/v1/thumbnail?panoid=aEY51_REDnVGqpL5P_VVwg&cb_client=search.gws-prod.gps&w=408&h=240&yaw=308.8952&pitch=0&thumbfov=100,,
,NORTE,Villa Loma Hermosa,B0007,Cuello Francisco Waldemar,4848-1772,"Av. Eva Perón 9718, B1657 Loma Hermosa, Provincia de Buenos Aires",https://lh3.googleusercontent.com/proxy/8AS9CF2vsRwkwhbYD3ieAO417I6UDkNVNKYPTO56lcBRVqxltOhhU8Ex-dJP9piLfbAOm0KGiHXF3jy2DoxwUYqIao6JifFYFCeI719pT5ANoMD13aD5axPrhaN4iB3Jqm7oSW_oGEKAwzJOAhww1gQ2Gq0uY-SXM2E7Aayetu15=w408-h306-k-no,,
,NORTE,Villa Ballester,B0004,Cuello Francisco Waldemar,4767-6285,"Vicente López 3044, B1653 Villa Ballester, Provincia de Buenos Aires",https://streetviewpixels-pa.googleapis.com/v1/thumbnail?panoid=K_Ou6KB_oZN4Sgu0XpHDFA&cb_client=search.gws-prod.gps&w=408&h=240&yaw=90.548615&pitch=0&thumbfov=100,,
,NORTE,Villa Adelina,B0003,Cuello Francisco Waldemar,4708-0366,"Paraná 6001, B1607 Villa Adelina, Provincia de Buenos Aires",https://streetviewpixels-pa.googleapis.com/v1/thumbnail?panoid=zcaPcAhhUh2xm3apsVMHhg&cb_client=search.gws-prod.gps&w=408&h=240&yaw=273.77728&pitch=0&thumbfov=100,,
,NORTE,Victoria,B0013,Cuello Francisco Waldemar,4745-0154,"Av. Pres. Juan Domingo Perón 2579, B1644 Victoria, Provincia de Buenos Aires",https://streetviewpixels-pa.googleapis.com/v1/thumbnail?panoid=E8pXsXiZ08f9Sjf0CFJPuQ&cb_client=search.gws-prod.gps&w=408&h=240&yaw=199.98686&pitch=0&thumbfov=100,,
,NORTE,Vicente Lopez,B0002,Cuello Francisco Waldemar,4791-1203,"Av. del Libertador 1202, B1638 Vicente López, Provincia de Buenos Aires",https://streetviewpixels-pa.googleapis.com/v1/thumbnail?panoid=Hxo-J6dUD_xBb-y7-j8nYA&cb_client=search.gws-prod.gps&w=408&h=240&yaw=242.08406&pitch=0&thumbfov=100,,
,NORTE,Unicenter,B0011,Cuello Francisco Waldemar,4717-2989,"Paraná 3745, Martínez, Provincia de Buenos Aires",SUC_Images/106.IMAGEN.134712.jpg,,
,NORTE,Tortuguitas,B0041,Cuello Francisco Waldemar,02320-490161,"Av Tte Gral Juan D Peron 22, B1667 Tortuguitas, Provincia de Buenos Aires",https://streetviewpixels-pa.googleapis.com/v1/thumbnail?panoid=1U9m84oSq3n5noKukzrunQ&cb_client=search.gws-prod.gps&w=408&h=240&yaw=247.83424&pitch=0&thumbfov=100,,
,NORTE,Tigre,B0001,Cuello Francisco Waldemar,4749-9989,"Daniel M, Av. Cazón 1140, B1648 Tigre, Provincia de Buenos Aires",https://lh5.googleusercontent.com/p/AF1QipNd7sMK3w-Ja2FGaYP8ljLNu8HN_dLGaExtFaOI=w408-h306-k-no,,
,NORTE,Soleil,B0010,Cuello Francisco Waldemar,4710-4575,"Dr, Bernardo de Irigoyen 2647, B1609 Boulogne, Provincia de Buenos Aires",https://lh5.googleusercontent.com/p/AF1QipMYm06_Bd4dhoneuOCBi1HDdnHRqxlbLFqCkW7c=w408-h544-k-no,,
,NORTE,Santos Lugares,B0173,Cuello Francisco Waldemar,4757-0488,"Av. Rodríguez Peña 1846, B1676 Santos Lugares, Provincia de Buenos Aires",https://streetviewpixels-pa.googleapis.com/v1/thumbnail?panoid=_LQ9BfWs6fNNiSTGA7oL3Q&cb_client=search.gws-prod.gps&w=408&h=240&yaw=169.09877&pitch=0&thumbfov=100,,
,NORTE,Santa Barbara,B4443,Cuello Francisco Waldemar,,"Corredor Bancalari - Benavidez 3901, B1617 Gral. Pacheco, Provincia de Buenos Aires",https://streetviewpixels-pa.googleapis.com/v1/thumbnail?panoid=KNYH7uHUacEtn82a213Reg&cb_client=search.gws-prod.gps&w=408&h=240&yaw=25.05887&pitch=0&thumbfov=100,,
,NORTE,San Miguel,B0030,Encalada Roberto Nahuel,4667-0003,"Belgrano 1398, B1663 San Miguel, Provincia de Buenos Aires",https://streetviewpixels-pa.googleapis.com/v1/thumbnail?panoid=b48Uom8oXnzHV-7P2e3Wiw&cb_client=search.gws-prod.gps&w=408&h=240&yaw=310.0047&pitch=0&thumbfov=100,,
,NORTE,San Martin,B0000,Cuello Francisco Waldemar,4713-7129,"Inte A M Campos 1951, B1650 General San Martin, Provincia de Buenos Aires",SUC_Images/118.IMAGEN.001149.png,,
,NORTE,San Isidro,B0024,Cuello Francisco Waldemar,4707-0471,"Alsina 102, B1642 San Isidro, Provincia de Buenos Aires",https://streetviewpixels-pa.googleapis.com/v1/thumbnail?panoid=WBbDo7jya77k33_LNCu0Cw&cb_client=search.gws-prod.gps&w=408&h=240&yaw=138.78648&pitch=0&thumbfov=100,,
,NORTE,San Fernando,B0023,Cuello Francisco Waldemar,4890-1268,"Constitución 555, B1646 San Fernando, Provincia de Buenos Aires",https://streetviewpixels-pa.googleapis.com/v1/thumbnail?panoid=JQZwWylpju3qRjZeYxhbgw&cb_client=search.gws-prod.gps&w=408&h=240&yaw=221.86823&pitch=0&thumbfov=100,,
,NORTE,Puente Saavedra,B0021,Cuello Francisco Waldemar,4791-3617,"Av. Maipú 438, B1602 Florida, Provincia de Buenos Aires",https://streetviewpixels-pa.googleapis.com/v1/thumbnail?panoid=_hQNdXWmAa9oiR5FsWyHEg&cb_client=search.gws-prod.gps&w=408&h=240&yaw=242.04286&pitch=0&thumbfov=100,,
,NORTE,Olivos,B0020,Cuello Francisco Waldemar,4711-5734,"Av. Maipú 2683, B1636 Olivos, Provincia de Buenos Aires",https://lh5.googleusercontent.com/p/AF1QipM6Gl-n6KZrUBsZYsK8G_PHCL3SRq1pUB6-lvr5=w408-h544-k-no,,
,NORTE,Munro,B0721,Cuello Francisco Waldemar,4762-6865,"Av Dr, Vélez Sársfield 4319, B1605 Munro, Provincia de Buenos Aires",https://lh5.googleusercontent.com/p/AF1QipMAQMRaQNPVVb-WLEYZP3VwoAzKIB7ohm6DuR3k=w426-h240-k-no,,
,NORTE,Martinez,B0719,Cuello Francisco Waldemar,4733-3267,"Av. Sta Fe 2052, B1640 Martínez, Provincia de Buenos Aires",https://streetviewpixels-pa.googleapis.com/v1/thumbnail?panoid=TbtkA-8AvsFaRj48qiTX5Q&cb_client=search.gws-prod.gps&w=408&h=240&yaw=38.611115&pitch=0&thumbfov=100,,
,NORTE,Los Polvorines,B0040,Encalada Roberto Nahuel,4663-2517,"25 de Mayo 2639, B1613 Los Polvorines, Provincia de Buenos Aires",https://streetviewpixels-pa.googleapis.com/v1/thumbnail?panoid=pmfpuVKNTPJj9Ap8quQGWQ&cb_client=search.gws-prod.gps&w=408&h=240&yaw=143.42415&pitch=0&thumbfov=100,,
,NORTE,José L. Suarez,B0006,Cuello Francisco Waldemar,4729-7023,"Jose Leon Suarez, B1655 Buenos Aires, Provincia de Buenos Aires",https://lh5.googleusercontent.com/p/AF1QipO0N54R6Ftqw2Qir4f7JOsQbljVsql08bWoOg3c=w426-h240-k-no,,
,NORTE,José C. Paz,B0034,Encalada Roberto Nahuel,02320-422366,"Roque Sáenz Peña 5009, B1665 José C. Paz, Provincia de Buenos Aires",https://streetviewpixels-pa.googleapis.com/v1/thumbnail?panoid=gqiAYJ30mWvbala4Wi3aRA&cb_client=search.gws-prod.gps&w=408&h=240&yaw=247.6145&pitch=0&thumbfov=100,,
,NORTE,Independencia 2972/Carapachay,,Cuello Francisco Waldemar,,"Independencia 2972, B1606DNB Carapachay, Provincia de Buenos Aires",,,
,NORTE,Hurlingham,B0033,Cuello Francisco Waldemar,4665-0484,"Pte Gral, Tte. Gral. Julio Argentino Roca 1008, B1686 Hurlingham, Provincia de Buenos Aires",https://lh5.googleusercontent.com/p/AF1QipOoiGb3XGhJykS10LUq3RqQZK22UMrC2FFAUEH0=w408-h306-k-no,,
,NORTE,Grand Bourg,B0037,Cuello Francisco Waldemar,02320-480196,"Juan Francisco Seguí 1722, B1615 Grand Bourg, Provincia de Buenos Aires",SUC_Images/114.IMAGEN.000451.png,,
,NORTE,General Pacheco,B0015,Cuello Francisco Waldemar,4740-1176,"Av. Constituyentes 532, B1617 Gral. Pacheco, Provincia de Buenos Aires",SUC_Images/96.IMAGEN.195233.png,,
,NORTE,Florida,B0014,Cuello Francisco Waldemar,4797-2794,"Gral. José de San Martín 2849, B1602 Florida, Provincia de Buenos Aires",https://streetviewpixels-pa.googleapis.com/v1/thumbnail?panoid=Ag43IIYiXj74tCETtkBOyQ&cb_client=search.gws-prod.gps&w=408&h=240&yaw=331.7589&pitch=0&thumbfov=100,,
,NORTE,Don Torcuato,B0036,Cuello Francisco Waldemar,4741-3120,"Av. Ángel T. de Alvear 1539, B1611 Don Torcuato, Provincia de Buenos Aires",https://streetviewpixels-pa.googleapis.com/v1/thumbnail?panoid=mqQxiObULiH-lXkkO1iCTQ&cb_client=search.gws-prod.gps&w=408&h=240&yaw=145.08148&pitch=0&thumbfov=100,,
,NORTE,Del Viso,B0038,Cuello Francisco Waldemar,02320-470441,"Av. Ing Eduardo Madero 1395, B1669 Del Viso, Provincia de Buenos Aires",https://streetviewpixels-pa.googleapis.com/v1/thumbnail?panoid=BJ2rgq21ikdwN76saLF_QA&cb_client=search.gws-prod.gps&w=408&h=240&yaw=116.09998&pitch=0&thumbfov=100,,
,NORTE,CDP Vte. Lopez/Pelliza 3780,,Cuello Francisco Waldemar,,"Mariano Pelliza 3750, B1636FER Olivos, Provincia de Buenos Aires",https://streetviewpixels-pa.googleapis.com/v1/thumbnail?panoid=gID75-35HrlbCpGAW6m6UQ&cb_client=search.gws-prod.gps&w=408&h=240&yaw=146.45749&pitch=0&thumbfov=100,,
,NORTE,Cdd Zarate,,Cuello Francisco Waldemar,(03487)422153,"Dr. Félix Pagola 35, B2800 Zárate, Provincia de Buenos Aires",https://streetviewpixels-pa.googleapis.com/v1/thumbnail?panoid=CPG_syK4z8G0wEMuQkq52g&cb_client=search.gws-prod.gps&w=408&h=240&yaw=84.09735&pitch=0&thumbfov=100,,
,NORTE,CDD Villa Ballester,,Cuello Francisco Waldemar,4767-6285,"República 5363, Villa Ballester, Provincia de Buenos Aires",https://lh5.googleusercontent.com/p/AF1QipOUI-r4mjUthpEO36SDKWYexyJnEOdoiwjQ-ONR=w426-h240-k-no,,
,NORTE,CDD Villa Adelina,,Cuello Francisco Waldemar,4763-0104,"Paraná no 6001, Villa Adelina, Provincia de Buenos Aires",https://streetviewpixels-pa.googleapis.com/v1/thumbnail?panoid=zcaPcAhhUh2xm3apsVMHhg&cb_client=search.gws-prod.gps&w=408&h=240&yaw=273.77728&pitch=0&thumbfov=100,,
,NORTE,CDD Vicente López,,Cuello Francisco Waldemar,4718-1731/1604,"Mariano Pelliza 3750, B1636FER Olivos, Provincia de Buenos Aires",https://streetviewpixels-pa.googleapis.com/v1/thumbnail?panoid=gID75-35HrlbCpGAW6m6UQ&cb_client=search.gws-prod.gps&w=408&h=240&yaw=146.45749&pitch=0&thumbfov=100,,
,NORTE,CDD San Miguel,,Encalada Roberto Nahuel,4664-7962,"Belgrano 1374, B1663NMA San Miguel, Provincia de Buenos Aires",https://streetviewpixels-pa.googleapis.com/v1/thumbnail?panoid=ZPWub2nJ8CUWyEcbIua0lw&cb_client=search.gws-prod.gps&w=408&h=240&yaw=311.23642&pitch=0&thumbfov=100,,
,NORTE,CDD San Martin,,Cuello Francisco Waldemar,4713-7129,"Inte A M Campos 1951, B1650 General San Martin, Provincia de Buenos Aires",SUC_Images/118.IMAGEN.001149.png,,
,NORTE,CDD San Isidro,,Cuello Francisco Waldemar,4732-2022/1806,"Alsina 102, B1642 San Isidro, Provincia de Buenos Aires",https://lh5.googleusercontent.com/p/AF1QipPEQNz0XIzLXU1IGHIb5PbsXTEcvK7BLfiVooA_=w408-h544-k-no,,
,NORTE,CDD San Fernando,,Cuello Francisco Waldemar,4890-1731/1732,"Avenida Presidente Perón 724, San Fernando, Provincia de Buenos Aires",https://streetviewpixels-pa.googleapis.com/v1/thumbnail?panoid=skSeLQuUHjs4YTdd3XlSJw&cb_client=search.gws-prod.gps&w=408&h=240&yaw=34.767384&pitch=0&thumbfov=100,,
,NORTE,CDD Pilar,,Cuello Francisco Waldemar,(02304)426240/420400,"Av. Tomás Márquez 1294, Pilar Centro, Provincia de Buenos Aires",https://streetviewpixels-pa.googleapis.com/v1/thumbnail?panoid=qrdd_qWbEdjN8pCxJcD_DQ&cb_client=search.gws-prod.gps&w=408&h=240&yaw=82.97855&pitch=0&thumbfov=100,,
,NORTE,CDD Manuel Alberti,,Cuello Francisco Waldemar,02320-491500/627670,"Hipólito Yrigoyen 651-699, B1664 Manuel Alberti, Provincia de Buenos Aires",https://maps.gstatic.com/tactile/pane/default_geocode-2x.png,,
,NORTE,CDD Los Polvorines,,Encalada Roberto Nahuel,4660-5070/4660-0276,"Rivadavia 2645, B1613FWB Los Polvorines, Provincia de Buenos Aires",https://streetviewpixels-pa.googleapis.com/v1/thumbnail?panoid=YSN_YCFOhj-pgrPVf4jf3A&cb_client=search.gws-prod.gps&w=408&h=240&yaw=324.61398&pitch=0&thumbfov=100,,
,NORTE,CDD J. C. Paz,,Encalada Roberto Nahuel,02320-422798,"Roque Sáenz Peña no 5009, José C. Paz, Provincia de Buenos Aires",https://streetviewpixels-pa.googleapis.com/v1/thumbnail?panoid=gqiAYJ30mWvbala4Wi3aRA&cb_client=search.gws-prod.gps&w=408&h=240&yaw=247.6145&pitch=0&thumbfov=100,,
,NORTE,Cdd Ing. Maschwitz,,Cuello Francisco Waldemar,03484-629807,"La Plata 1125, B1623 ESW, Provincia de Buenos Aires",https://streetviewpixels-pa.googleapis.com/v1/thumbnail?panoid=QKMkpHNGjw6XYFpnVDcYOg&cb_client=search.gws-prod.gps&w=408&h=240&yaw=65.69051&pitch=0&thumbfov=100,,
,NORTE,CDD Gral. Pacheco,,Cuello Francisco Waldemar,4740-5695,"Avenida Hipólito Yrigoyen no 214, General Pacheco, Provincia de Buenos Aires",https://streetviewpixels-pa.googleapis.com/v1/thumbnail?panoid=fBg9Ui9PtI5Lj5chGHeevw&cb_client=search.gws-prod.gps&w=408&h=240&yaw=170.10641&pitch=0&thumbfov=100,,
,NORTE,Cdd Escobar,,Cuello Francisco Waldemar,03484-420051/429309,"Rivadavia 302, B1625 Belén de Escobar, Provincia de Buenos Aires",https://streetviewpixels-pa.googleapis.com/v1/thumbnail?panoid=pWLDYWj0o3v5A_shQ9HNRw&cb_client=search.gws-prod.gps&w=408&h=240&yaw=237.99487&pitch=0&thumbfov=100,,
,NORTE,CDD Don Torcuato,,Cuello Francisco Waldemar,4519-6483,Av. Alvear 1656 (Ruta 202),SUC_Images/139.IMAGEN.003223.png,,
,NORTE,Cdd Campana,,Cuello Francisco Waldemar,(03489)438331,"San Martín 274, B2804 Campana, Provincia de Buenos Aires",https://streetviewpixels-pa.googleapis.com/v1/thumbnail?panoid=m-PKN82ZLaVi34XTPRPGTQ&cb_client=search.gws-prod.gps&w=408&h=240&yaw=85.79955&pitch=0&thumbfov=100,,
,NORTE,Caseros,B0162,Cuello Francisco Waldemar,4750-1090,"Av Gral, Av. Justo José de Urquiza 4826, B1678 Caseros, Provincia de Buenos Aires",SUC_Images/111.IMAGEN.000108.png,,
,NORTE,Campana,,Cuello Francisco Waldemar,,"San Martín 274, B2804 Campana, Provincia de Buenos Aires",https://lh5.googleusercontent.com/p/AF1QipM_d1zniOm79TYV6TGDjNyVlxv7ByzCtTJ0fM6m=w426-h240-k-no,,
,NORTE,Boulogne,B0032,Cuello Francisco Waldemar,4766-4202,"Av. Avelino Rolón 2384, B1609 Boulogne, Provincia de Buenos Aires",SUC_Images/93.IMAGEN.194943.png,,
,NORTE,Benavidez,B0044,Cuello Francisco Waldemar,03327-481940,"IQA, Av. Benavídez 2680, B1621 Benavidez, Provincia de Buenos Aires",https://lh5.googleusercontent.com/p/AF1QipN3YJFsOa3gSJDZuCzEjnTivvqlYIasWcfSLiTt=w408-h725-k-no,,
,NORTE,Bella Vista,B0031,Cuello Francisco Waldemar,4666-0050,"Av. Senador Morón 1090, B1661 Bella Vista, Provincia de Buenos Aires",https://streetviewpixels-pa.googleapis.com/v1/thumbnail?panoid=QgTdA31bpI8LTZNQuyP9gA&cb_client=search.gws-prod.gps&w=408&h=240&yaw=291.3001&pitch=0&thumbfov=100,,
,NORTE,Acassuso,B0009,Cuello Francisco Waldemar,4732-3764,"Av. Sta Fe 766, B1641 Acassuso, Provincia de Buenos Aires",https://lh5.googleusercontent.com/p/AF1QipPRBMziAmXm1KRIgn-i7rvzqfJmGOcZoWaKvgbu=w408-h306-k-no,,
,OESTE,Villa Madero,B0088,Encalada Roberto Nahuel,4652-3054,"Mariquita Thompson 10, B1751AYB Villa Madero, Provincia de Buenos Aires",https://streetviewpixels-pa.googleapis.com/v1/thumbnail?panoid=LKZQ84HoSsKy53Y-FjBGNA&cb_client=search.gws-prod.gps&w=408&h=240&yaw=25.121866&pitch=0&thumbfov=100,,
,OESTE,Villa Bosch,B0175,Encalada Roberto Nahuel,4844-9548,"Santos Vega 6121, B1682AII Villa Bosch, Provincia de Buenos Aires",SUC_Images/124.IMAGEN.001557.png,,
,OESTE,Tapiales,B0081,Encalada Roberto Nahuel,4442-3883,"Evita 13, B1768 Villa Madero, Provincia de Buenos Aires",https://streetviewpixels-pa.googleapis.com/v1/thumbnail?panoid=lBmEbdtWG4E5vDjBmXQADQ&cb_client=search.gws-prod.gps&w=408&h=240&yaw=99.66535&pitch=0&thumbfov=100,,
,OESTE,Santos Tesei,B0035,Encalada Roberto Nahuel,4459-4586,"Gral. Pedro Díaz 444, B1688 Villa Tesei, Provincia de Buenos Aires",https://lh5.googleusercontent.com/p/AF1QipPbNcij9fB_5hEKq7wDmeiO9n2nsivDuIjPxSH4=w408-h597-k-no,,
,OESTE,San Justo,B0079,Encalada Roberto Nahuel,4484-6803,"Almafuerte 3171, B1754 San Justo, Provincia de Buenos Aires",https://lh5.googleusercontent.com/p/AF1QipND-sedo6PM6xgMCiOtrywX6-aJ6fDEU_CqIikT=w408-h306-k-no,,
,OESTE,San Antonio De Padua,B0174,Encalada Roberto Nahuel,0220-4837685,"Directorio 202, B1718 San Antonio de Padua, Provincia de Buenos Aires",https://streetviewpixels-pa.googleapis.com/v1/thumbnail?panoid=EQXLxoQO5c5nGEguYZ6vdw&cb_client=search.gws-prod.gps&w=408&h=240&yaw=67.07524&pitch=0&thumbfov=100,,
,OESTE,Ramos Mejia,B0172,Encalada Roberto Nahuel,4469-2703,"Av. Rivadavia 14180, Ramos Mejía, Provincia de Buenos Aires",SUC_Images/163.IMAGEN.005842.png,,
,OESTE,Rafael Castillo,B0098,Encalada Roberto Nahuel,4697-8142,"Sta Cruz 1071, B1755BGR Rafael Castillo, Provincia de Buenos Aires",https://streetviewpixels-pa.googleapis.com/v1/thumbnail?panoid=Ix-3ERHk_0YCt6OuK8ZRHQ&cb_client=search.gws-prod.gps&w=408&h=240&yaw=9.9855585&pitch=0&thumbfov=100,,
,OESTE,Paso Del Rey,B0176,Encalada Roberto Nahuel,0237-4622491,"Dr, Salvador María del Carril 52, B1742 Paso del Rey, Provincia de Buenos Aires",https://lh5.googleusercontent.com/p/AF1QipOy_7rzgToUY6Yp6SVam7kl0GscUyYuMFm_d_jt=w408-h503-k-no,,
,OESTE,Morón,B0725,Encalada Roberto Nahuel,1167045400,"República Oriental del Uruguay 346, B1708JFH Morón, Provincia de Buenos Aires",https://streetviewpixels-pa.googleapis.com/v1/thumbnail?panoid=clYDx1qZkQnSuYemlO5Ctg&cb_client=search.gws-prod.gps&w=408&h=240&yaw=92.180855&pitch=0&thumbfov=100,,
,OESTE,Moreno,B0171,Encalada Roberto Nahuel,0237-4639703,"Av. Bartolomé Mitre 2402, B1744 Moreno, Provincia de Buenos Aires",https://lh5.googleusercontent.com/p/AF1QipMHXci7JF1QAD8Sp1DSY3_K52f5w9JYGdEPaxU2=w408-h306-k-no,,
,OESTE,Merlo,B0170,Encalada Roberto Nahuel,0220-4851679,"Av. del Libertador 556, Merlo, Provincia de Buenos Aires",https://streetviewpixels-pa.googleapis.com/v1/thumbnail?panoid=whu_ZLx0juXJQzSpoHukcg&cb_client=search.gws-prod.gps&w=408&h=240&yaw=288.47855&pitch=0&thumbfov=100,,
,OESTE,Mercado Central,B0112,Encalada Roberto Nahuel,4462-4042,"Mercado Central De, Autopista Ricchieri BIA Tapiales, Av. Boulogne Sur Mer y, B1771 Buenos Aires, Provincia de Buenos Aires",https://streetviewpixels-pa.googleapis.com/v1/thumbnail?panoid=mEtZXrnxrVUPU0tP2HdqaQ&cb_client=search.gws-prod.gps&w=408&h=240&yaw=42.920662&pitch=0&thumbfov=100,,
,OESTE,Lomas Del Mirador,B0075,Encalada Roberto Nahuel,4699-3751,"Av Bdier, Av. Brig. Gral. Juan Manuel de Rosas 691, B1752 Lomas del Mirador, Provincia de Buenos Aires",https://lh5.googleusercontent.com/p/AF1QipNsoxITIFRKt3p-DaBcqeeNMPuzuYTjr6SBMC0s=w426-h240-k-no,,
,OESTE,Libertad,B0168,Encalada Roberto Nahuel,0220-4947347,"Libertad Buenos Aires AR, Juan B. Justo 2670, B1716 OKZ",https://lh5.googleusercontent.com/p/AF1QipOp65Evb_xnwvm9svjn81eiAf3402XSK3GyDaJu=w408-h306-k-no,,
,OESTE,Laferrere,B0096,Encalada Roberto Nahuel,4626-7913,"Echeverria 6006, Gregorio de Laferrere, Provincia de Buenos Aires",https://streetviewpixels-pa.googleapis.com/v1/thumbnail?panoid=RHzZypMdPRZpjggHVsM--Q&cb_client=search.gws-prod.gps&w=408&h=240&yaw=69.7754&pitch=0&thumbfov=100,,
,OESTE,La Tablada,B0080,Encalada Roberto Nahuel,4454-8821,"CBC, Av. Crovara 3035, B1766 La Tablada, Provincia de Buenos Aires",https://streetviewpixels-pa.googleapis.com/v1/thumbnail?panoid=tVzbaGmsc4CYCS7oCrVoEw&cb_client=search.gws-prod.gps&w=408&h=240&yaw=327.75244&pitch=0&thumbfov=100,,
,OESTE,Ituzaingo,B0167,Encalada Roberto Nahuel,4623-0588,"Gral. Félix Olazábal 728, B1714 Ituzaingó, Provincia de Buenos Aires",https://streetviewpixels-pa.googleapis.com/v1/thumbnail?panoid=bAg09XUtoK8GRxp6J0wB_w&cb_client=search.gws-prod.gps&w=408&h=240&yaw=189.38211&pitch=0&thumbfov=100,,
,OESTE,I. Casanova,B0070,Encalada Roberto Nahuel,4625-0988,"Av. Brig. Gral. Juan Manuel de Rosas 6801, B1765AAD La Matanza, Provincia de Buenos Aires",https://streetviewpixels-pa.googleapis.com/v1/thumbnail?panoid=jne_yVrPqcIXjQ_QKo-HBQ&cb_client=search.gws-prod.gps&w=408&h=240&yaw=306.0837&pitch=0&thumbfov=100,,
,OESTE,Haedo,B0169,Encalada Roberto Nahuel,4650-7468,"Av. Rivadavia 16380, B1706 Haedo, Provincia de Buenos Aires",https://lh5.googleusercontent.com/p/AF1QipNM9OXvZeweHwVyBIxxBRFiq7E-_gdxGMjjWrKw=w408-h306-k-no,,
,OESTE,Gonzalez Catán,B0102,Encalada Roberto Nahuel,02202-431468,EQUIZA 4491 ESQ POZAMAI,SUC_Images/149.IMAGEN.004802.png,,
,OESTE,El Palomar,B0166,Encalada Roberto Nahuel,4751-3196,"Ing Guillermo Marconi 6595, B1684 Cdad. Jardin Lomas de Palomar, Provincia de Buenos Aires",https://lh5.googleusercontent.com/p/AF1QipMcaokdcCLvcERO3pnFGpTTUYYyhPsEhBhlKb7o=w408-h306-k-no,,
,OESTE,Ciudadela,B0164,Encalada Roberto Nahuel,4653-6815,"Av. Rivadavia 12580, Ciudadela, Provincia de Buenos Aires",https://streetviewpixels-pa.googleapis.com/v1/thumbnail?panoid=cef0NUo5rnNtLV9_VbRMzg&cb_client=search.gws-prod.gps&w=408&h=240&yaw=176.08916&pitch=0&thumbfov=100,,
,OESTE,Ciudad Evita,B0066,Encalada Roberto Nahuel,4487 1489,"Enfermera Reinalda Balancini Viuda de Rodríguez 3865, Cdad. Evita, Provincia de Buenos Aires",https://lh5.googleusercontent.com/p/AF1QipPWII2pUemYiplBNeMsM5k2x1CayKO89WbRJvu6=w408-h306-k-no,,
,OESTE,CDP Morón/Entre Rios 1036/56,,Encalada Roberto Nahuel,,"Entre Ríos 1098, B1708DRO Morón, Provincia de Buenos Aires",https://lh5.googleusercontent.com/p/AF1QipNB_6U9JXhyhpq_ze47uuj1AVfYTZnVQjEvEd7a=w480-h240-k-no,,
,OESTE,CDD Tapiales,,Encalada Roberto Nahuel,,"Humaita 1156, Tapiales, Provincia de Buenos Aires",SUC_Images/171.IMAGEN.134646.jpg,,
,OESTE,CDD San Justo,,Encalada Roberto Nahuel,4751-0632/4758-0332,"Almafuerte 3171, B1754 San Justo, Pr,ovincia de Buenos Aires",https://lh5.googleusercontent.com/p/AF1QipND-sedo6PM6xgMCiOtrywX6-aJ6fDEU_CqIikT=w408-h306-k-no,,
,OESTE,CDD Ramos Mejia,,Encalada Roberto Nahuel,,"Av. Rivadavi:a 14178, Ramos Mejía, Provincia de Buenos Aires",https://streetviewpixels-pa.googleapis.com/v1/thumbnail?panoid=LpASo17n_LbiSOMFDBUz_A&cb_client=search.gws-prod.gps&w=408&h=240&yaw=180.29376&pitch=0&thumbfov=100,,
,OESTE,CDD Morón,,Encalada Roberto Nahuel,1167045400,"República Oriental del Uruguay 346, B1708JFH Morón, Provincia de Buenos Aires",https://streetviewpixels-pa.googleapis.com/v1/thumbnail?panoid=XTLs7xW8AKbn_6tXGOALqg&cb_client=search.gws-prod.gps&w=408&h=240&yaw=337.12897&pitch=0&thumbfov=100,,
,OESTE,CDD Moreno,,Encalada Roberto Nahuel,0237-4664392/4625701,"AJC, Maipú 76, B1744 Moreno, Provincia de Buenos Aires",https://lh5.googleusercontent.com/p/AF1QipNil2P6UIekPoDk1qYg6EAYGyFDYmJ4UhhIivvv=w408-h306-k-no,,
,OESTE,CDD Merlo,,Encalada Roberto Nahuel,0220-4830001/4837525,"Av. del Libertador no 556, Merlo, Provincia de Buenos Aires",https://streetviewpixels-pa.googleapis.com/v1/thumbnail?panoid=whu_ZLx0juXJQzSpoHukcg&cb_client=search.gws-prod.gps&w=408&h=240&yaw=288.47855&pitch=0&thumbfov=100,,
,OESTE,CDD Laferrere,,Encalada Roberto Nahuel,,"B1757CLD, Cnel. Montt 3932, B1757CLD Gregorio de Laferrere, Provincia de Buenos Aires",https://streetviewpixels-pa.googleapis.com/v1/thumbnail?panoid=VwJ7EJgK9zRIn2cUeGOtOw&cb_client=search.gws-prod.gps&w=408&h=240&yaw=229.3871&pitch=0&thumbfov=100,,
,OESTE,CDD Ituzaingo,,Encalada Roberto Nahuel,4624-2335 (fax)/ 4623-4630,"General Félix Olazábal no 728, Ituzaingó, Provincia de Buenos Aires",https://streetviewpixels-pa.googleapis.com/v1/thumbnail?panoid=bAg09XUtoK8GRxp6J0wB_w&cb_client=search.gws-prod.gps&w=408&h=240&yaw=189.38211&pitch=0&thumbfov=100,,
,OESTE,CDD Hurlingham,,Encalada Roberto Nahuel,4665-0915,"Av. Gdor. Vergara 3443, Hurlingham, Provincia de Buenos Aires",SUC_Images/171.IMAGEN.115226.png,,
,OESTE,CDD Gonzalez Catán,,Encalada Roberto Nahuel,,"Barragán Bastilla 4167, González Catán, Provincia de Buenos Aires",https://streetviewpixels-pa.googleapis.com/v1/thumbnail?panoid=DMJ0Z9X5GBZ5ev5BOs8jfw&cb_client=search.gws-prod.gps&w=408&h=240&yaw=170.20181&pitch=0&thumbfov=100,,
,OESTE,CDD El Palomar,,Encalada Roberto Nahuel,4751-0632/4758-0332,"Marconi y, Rosetti, El Palomar, Provincia de Buenos Aires",SUC_Images/170.IMAGEN.115512.png,,
,OESTE,Castelar,B0163,Encalada Roberto Nahuel,4627-4936,"Cnel, Martín Irigoyen 484, B1712 Castelar, Provincia de Buenos Aires",https://lh5.googleusercontent.com/p/AF1QipPu_cZpFd9o3hx5JbVJE9LO9U2OQcIV3tkvfyrZ=w408-h306-k-no,,
,OESTE,Agencia Villa Celina,,Encalada Roberto Nahuel,,"Rivera 2407, Villa Madero, Provincia de Buenos Aires",SUC_Images/173.IMAGEN.112545.png,,
,OESTE,Agencia Fco. Alvarez,,Encalada Roberto Nahuel,,"Diario la Nacion 2052, B1746 Francisco Alvarez, Provincia de Buenos Aires",https://lh5.googleusercontent.com/p/AF1QipODCsca5gDnVgcxQPSTpjLA82Za2sag46Ttqlss=w408-h725-k-no,,
,OESTE,CDP Mercado Central,,Encalada Roberto Nahuel,,,,,
,OESTE,Moreno Easy CDP CDD,,Encalada Roberto Nahuel,,"Colectora Sur Acceso Oeste y, B1744 Paso del Rey, Provincia de Buenos Aires",,,
,OTRAS,OTRAS,,,,,,,
,SUR,Wilde,B0090,Sarmiento Ariel,4207-9302,"Bragado 6185, B1875BPK Avellaneda, Provincia de Buenos Aires",https://streetviewpixels-pa.googleapis.com/v1/thumbnail?panoid=c7yPldFmD0P5P0qC5zGq_A&cb_client=search.gws-prod.gps&w=408&h=240&yaw=241.04497&pitch=0&thumbfov=100,,
,SUR,Villa Porvenir,B0089,Sarmiento Ariel,4218-1593 ,"Av. Galicia 635, B1868 Piñeyro, Provincia de Buenos Aires",https://streetviewpixels-pa.googleapis.com/v1/thumbnail?panoid=cg9RuDPuFIGJ-nWZhgin1Q&cb_client=search.gws-prod.gps&w=408&h=240&yaw=57.57894&pitch=0&thumbfov=100,,
,SUR,Villa Industriales,B0087,Sarmiento Ariel,4262-5793,"Cnel. D Elia 1638, B1824 Lanús, Provincia de Buenos Aires",https://streetviewpixels-pa.googleapis.com/v1/thumbnail?panoid=FrSkDHKrYiaratYECVAoXQ&cb_client=search.gws-prod.gps&w=408&h=240&yaw=251.30986&pitch=0&thumbfov=100,,
,SUR,Villa Dominico,B0086,Sarmiento Ariel,4204-2963,"Av. Bartolomé Mitre 3317, B1872 Sarandí, Provincia de Buenos Aires",https://streetviewpixels-pa.googleapis.com/v1/thumbnail?panoid=YjMJjyUOAzWdxbPryVhYiw&cb_client=search.gws-prod.gps&w=408&h=240&yaw=229.90875&pitch=0&thumbfov=100,,
,SUR,V. Alsina,B0083,Sarmiento Ariel,4208-5507,"Juan Farrell 664, B1822 Valentín Alsina, Provincia de Buenos Aires",https://lh5.googleusercontent.com/p/AF1QipMtDQTj84Ef0F9RYbl47UQ7s4jHFC9m3W2NjnS_=w426-h240-k-no,,
,SUR,Turdera,B0094,Sarmiento Ariel,4231-2854,"Av, Antártida Argentina 45, B1833 Turdera, Provincia de Buenos Aires",https://lh5.googleusercontent.com/p/AF1QipObwQAaBuK6qauepKIKA2TYj0UbBJTnY70AIABb=w426-h240-k-no,,
,SUR,Tristan Suarez ,B1618,Sarmiento Ariel,4976-0027,"J. Canale 124, Tristán Suárez, Provincia de Buenos Aires",https://lh5.googleusercontent.com/p/AF1QipOQXy_1ox-gL7VssczHiRGfdlu57zqw3a46w3tA=w519-h240-k-no,,
,SUR,Temperley,B0082,Sarmiento Ariel,4292-8960,"Av. Almte. Brown 3394, Temperley, Provincia de Buenos Aires",https://streetviewpixels-pa.googleapis.com/v1/thumbnail?panoid=dPYdFqlV9_uckv32dh_QCQ&cb_client=search.gws-prod.gps&w=408&h=240&yaw=39.45849&pitch=0&thumbfov=100,,
,SUR,Sarandi,B0051,Sarmiento Ariel,4204-7186,"Av. Bartolomé Mitre 1899, B1873 Crucecita, Provincia de Buenos Aires",https://lh3.googleusercontent.com/proxy/LC9dYUEKjgBcpDGsx9JQ_No1y0-QFYOFUz0aGyVvD1In8VXkFWOyMDcpUsHWh2rBu1Tmpm0GziI7UKgu3O8Dt5QUGaRgG9aixQ8T8tsLfzOzvIy2qmbgp6UyzpAJcbpoSLk7u7aoAJggCNV5BvmdbC4sHKlLtmPPKxUpsoUIpIM6=w408-h306-k-no,,
,SUR,San Fco. Solano,B0095,Sarmiento Ariel,4271-0363,"897 4115, B1881 San Francisco Solano, Provincia de Buenos Aires",https://lh5.googleusercontent.com/p/AF1QipNkJjxF5oiN0UapNcIRvcdPeUScYZwPc1eOcUZ9=w408-h306-k-no,,
,SUR,Remedios De Escalada,B0078,Sarmiento Ariel,4202-3412,"Av. Hipolito Yrigoyen 6133, B1826DQI Remedios de Escalada, Provincia de Buenos Aires",https://streetviewpixels-pa.googleapis.com/v1/thumbnail?panoid=y62mifOMfuvRsHSntHYjfQ&cb_client=search.gws-prod.gps&w=408&h=240&yaw=286.86484&pitch=0&thumbfov=100,,
,SUR,Ranelagh,B0097,Sarmiento Ariel,4223-1419,"Av. Dr. A. Sabin 2009, B1886 Ranelagh, Provincia de Buenos Aires",https://streetviewpixels-pa.googleapis.com/v1/thumbnail?panoid=ciAKm3vcZ4wCcrC0ZwNNAA&cb_client=search.gws-prod.gps&w=408&h=240&yaw=85.76393&pitch=0&thumbfov=100,,
,SUR,Rafael Calzada,B0084,Sarmiento Ariel,4236-0414,"Colón 3395, B1847FQJ Rafael Calzada, Provincia de Buenos Aires",https://streetviewpixels-pa.googleapis.com/v1/thumbnail?panoid=daL-teN78sy-nJNk6jwkZQ&cb_client=search.gws-prod.gps&w=408&h=240&yaw=334.7885&pitch=0&thumbfov=100,,
,SUR,Quilmes Oeste,B0085,Sarmiento Ariel,4200-8590,"Av. 12 de Octubre 1964, B1879 Quilmes Oeste, Provincia de Buenos Aires",https://streetviewpixels-pa.googleapis.com/v1/thumbnail?panoid=Ls-HueppvZVp4L7L6M8QyQ&cb_client=search.gws-prod.gps&w=408&h=240&yaw=136.50305&pitch=0&thumbfov=100,,
,SUR,Quilmes,B0720,Sarmiento Ariel,4224-0850,"Av. Hipólito Yrigoyen 405, B1878 Quilmes, Provincia de Buenos Aires",https://streetviewpixels-pa.googleapis.com/v1/thumbnail?panoid=AiUcTmI6IQkpELBv6W3OmA&cb_client=search.gws-prod.gps&w=408&h=240&yaw=234.61525&pitch=0&thumbfov=100,,
,SUR,Monte Grande,B0107,Sarmiento Ariel,4296-7169,"Vicente López 448, B1842AUJ Monte Grande, Provincia de Buenos Aires",https://streetviewpixels-pa.googleapis.com/v1/thumbnail?panoid=E3VHyHOigf70OGrcE0sE3w&cb_client=search.gws-prod.gps&w=408&h=240&yaw=40.42199&pitch=0&thumbfov=100,,
,SUR,Monte Chingolo,B0091,Sarmiento Ariel,4220-3528,"Centenario Uruguayo 1471, Monte Chingolo, Provincia de Buenos Aires",SUC_Images/206.IMAGEN.015109.png,,
,SUR,Luis Guillon,B0106,Sarmiento Ariel,4281-2980,"Blvd. Buenos Aires 1758, B1838AHU Luis Guillon, Provincia de Buenos Aires",https://streetviewpixels-pa.googleapis.com/v1/thumbnail?panoid=Pp2Xc5KITqYq9hqck7lgBA&cb_client=search.gws-prod.gps&w=408&h=240&yaw=326.51862&pitch=0&thumbfov=100,,
,SUR,Longchamps,B0105,Sarmiento Ariel,4233-5037,"Dr, Manuel Belgrano 1453, B1854 Longchamps, Provincia de Buenos Aires",https://streetviewpixels-pa.googleapis.com/v1/thumbnail?panoid=yeR42ZSkhhvv2dxUhwoyRw&cb_client=search.gws-prod.gps&w=408&h=240&yaw=291.64496&pitch=0&thumbfov=100,,
,SUR,Lomas De Zamora,B0722,Sarmiento Ariel,4243-0625,"Leandro N. Alem 300, B1832BOH Lomas de Zamora, Provincia de Buenos Aires",https://streetviewpixels-pa.googleapis.com/v1/thumbnail?panoid=Y5qQfX_mcizHbti-rp6IeA&cb_client=search.gws-prod.gps&w=408&h=240&yaw=275.54352&pitch=0&thumbfov=100,,
,SUR,Llavallol,B0104,Sarmiento Ariel,4298-1969,"Av, Antártida Argentina 1620, B1836 Llavallol, Provincia de Buenos Aires",https://lh6.googleusercontent.com/proxy/z341AXq6_N_YDB_yH7lz0XzmHv_pw3eeM2HfpE7hrREYNCmnEB218GLktbg0Yw42cW-haFQ5ZYm1PhMuxYC_Do22j8qIQuqpjR-2vToFOcEL3rGvRHXnNYjVDgUzdKIdGt1W629_sRDi_Tlx-JhdXwh_WYJByY-K8cWtEUr0MGmO=w408-h306-k-no,,
,SUR,Lanús,B0072,Sarmiento Ariel,4241-2208,"Gral. Bernardo O'Higgins 2055, B1820 Lanús, Provincia de Buenos Aires",https://lh5.googleusercontent.com/p/AF1QipMU7JAXL0Fmm554JAzyGmKWd1Yg8S8u2bDTfHjz=w408-h725-k-no,,
,SUR,Juan M. Gutierrez (Berazategui),B0111,Sarmiento Ariel,11-58367636,"C. 455 721, B1890 Gutiérrez, Provincia de Buenos Aires",https://lh5.googleusercontent.com/p/AF1QipP7ZKt3CbxXTR_wJFdkRj6UOzaZX-2sSXaLkx6V=w408-h544-k-no,,
,SUR,José Mármol,B0071,Sarmiento Ariel,4294-4067,"Bartolomé Mitre 2204, B1845 José Marmol, Provincia de Buenos Aires",https://lh6.googleusercontent.com/proxy/KWNgzanf-gIhPkhRUHkF27Jfo9LlHgQ87bKpn74shcBpEXxrcZWNxh7yXIE8kBJfWh8Etk46ZeMgH8L8gRKEo6euqvspr-yFZScZSkXtwd53GTFvvcW6g-y5PkQLXqOOVrmDCe3s6AcrZVfbyYw2rGeZBEXQpu6BTTLUhmaCb1XA=w408-h306-k-no,,
,SUR,Glew,B0101,Sarmiento Ariel,02224-434059,"Sarmiento 50, B1856CJB Glew, Provincia de Buenos Aires",https://streetviewpixels-pa.googleapis.com/v1/thumbnail?panoid=-B3SykaoAuiEVkIwQg2t_w&cb_client=search.gws-prod.gps&w=408&h=240&yaw=139.06609&pitch=0&thumbfov=100,,
,SUR,Gerli,B0069,Sarmiento Ariel,4208-6982,"Av. Hipólito Yrigoyen 2317, B1823 Gerli, Provincia de Buenos Aires",SUC_Images/205.IMAGEN.014820.png,,
,SUR,Florencio Varela,B0068,Sarmiento Ariel,4237-2120,"España 3212, B1888 Florencio Varela, Provincia de Buenos Aires",https://lh5.googleusercontent.com/p/AF1QipOhvlv_exmMJ1nHMi0jBs2I2c1CGtSYo2kyiKQC=w426-h240-k-no,,
,SUR,Ezpeleta,B0093,Sarmiento Ariel,4216-5457,"Chile 379, B1882 Ezpeleta Este, Provincia de Buenos Aires",https://lh3.googleusercontent.com/proxy/v3HSTY2Jxnet_BnmK067uW06wP1nPqsaO13TPZivwEpzvVe-aum-je8GnWZoWE8mdU0fh4Gy3scMVgrNK-JhA1-xrApghCAvdy7QRKP09wteQr8CAFNieegpHiG7S1u31imhvPgwVGX8u62v4nqsA9RUI70Pmwxb8TsYWDB6ryfz=w408-h306-k-no,,
,SUR,Ezeiza,B0100,Sarmiento Ariel,4232-9297,"French 198, B1804 Ezeiza, Provincia de Buenos Aires",https://streetviewpixels-pa.googleapis.com/v1/thumbnail?panoid=ML8pmZyj6X2hFuJ9eZzDoA&cb_client=search.gws-prod.gps&w=408&h=240&yaw=231.9788&pitch=0&thumbfov=100,,
,SUR,El Pato (Florencio Varela),B4601,Sarmiento Ariel,02229-491520,"C. 522 1960, B1893 El Pato, Provincia de Buenos Aires",https://streetviewpixels-pa.googleapis.com/v1/thumbnail?panoid=Sd6OntzU9NmlRpKqPFjpvA&cb_client=search.gws-prod.gps&w=408&h=240&yaw=153.20627&pitch=0&thumbfov=100,,
,SUR,El Jaguel,,Sarmiento Ariel,,"Av. Dardo Rocha 2556, El Jagüel, Provincia de Buenos Aires",,,
,SUR,Dock Sud,B4015,Sarmiento Ariel,4201-6407,"Virrey Vértiz 1043, B1871 Dock Sud, Provincia de Buenos Aires",https://streetviewpixels-pa.googleapis.com/v1/thumbnail?panoid=rBsqFHrwPOWcO0KH6x92rw&cb_client=search.gws-prod.gps&w=408&h=240&yaw=197.3024&pitch=0&thumbfov=100,,
,SUR,Ctp Bue (Luis Guillon),B1563,Sarmiento Ariel,6316-1470,"Av. V. Fair 1101, B1842 Monte Grande, Provincia de Buenos Aires",https://lh5.googleusercontent.com/p/AF1QipNbQ2EjLTWsuXC9IVvudqxA6tqTOYH7Mt6DJrNx=w426-h240-k-no,,
,SUR,Cruce Varela,B0115,Sarmiento Ariel,4237-4262,"Cno. Gral. Manuel Belgrano 6385, B1888 Florencio Varela, Provincia de Buenos Aires",https://lh5.googleusercontent.com/p/AF1QipMogzJcwjdZ9HNXEEePB3bw87COHBfzsOSpqFAr=w426-h240-k-no,,
,SUR,EX CDP Quilmes/Av. La Plata 2327,,Sarmiento Ariel,541138764627,"Av. La Plata 2327, Quilmes Oeste, Provincia de Buenos Aires",https://streetviewpixels-pa.googleapis.com/v1/thumbnail?panoid=821pdghhQfenhSH_xTl9uw&cb_client=search.gws-prod.gps&w=408&h=240&yaw=258.53772&pitch=0&thumbfov=100,,
,SUR,CDP L. de Zamora/Av. Frias 1147,,Sarmiento Ariel,,"EGA, Gral. Frías 1147, B1832EGA Lomas de Zamora, Provincia de Buenos Aires",https://streetviewpixels-pa.googleapis.com/v1/thumbnail?panoid=g7AjcpIDJB5dP5keNF6iyg&cb_client=search.gws-prod.gps&w=408&h=240&yaw=271.0082&pitch=0&thumbfov=100,,
,SUR,CDP Quilmes/Martin Rodriguez 199,,Sarmiento Ariel,,"Martín Rodríguez 199, Quilmes, Provincia de Buenos Aires",,,
,SUR,CDD Temperley,,Sarmiento Ariel,,"Av. Hipólito Yrigoyen 9720, B1828 CGX, Provincia de Buenos Aires",https://streetviewpixels-pa.googleapis.com/v1/thumbnail?panoid=zPZms0lz2DED171jBpOd3Q&cb_client=search.gws-prod.gps&w=408&h=240&yaw=27.256224&pitch=0&thumbfov=100,,
,SUR,CDD San Vicente,,Sarmiento Ariel,02225-484309,"9 de Julio 37, B1865 San Vicente, Provincia de Buenos Aires",https://streetviewpixels-pa.googleapis.com/v1/thumbnail?panoid=cPWYCYSYgChTdyqjbdhs0w&cb_client=search.gws-prod.gps&w=408&h=240&yaw=234.97154&pitch=0&thumbfov=100,,
,SUR,CDD Quilmes Oeste,,Sarmiento Ariel,4250-2420/4250-3041,"Martín Rodríguez 199, Quilmes, Provincia de Buenos Aires",https://streetviewpixels-pa.googleapis.com/v1/thumbnail?panoid=_F1EL3VlSeuJR4P-aFqX2g&cb_client=search.gws-prod.gps&w=408&h=240&yaw=65.53763&pitch=0&thumbfov=100,,
,SUR,CDD Quilmes Este,,Sarmiento Ariel,4224-2739/2753,"Humberto Primo 336, Quilmes, Provincia de Buenos Aires",https://streetviewpixels-pa.googleapis.com/v1/thumbnail?panoid=dZv6ai1wLHs2gVOccxoyvA&cb_client=search.gws-prod.gps&w=408&h=240&yaw=8.439594&pitch=0&thumbfov=100,,
,SUR,CDD Monte Grande,,Sarmiento Ariel,,"Vicente López 448, B1842AUJ Monte Grande, Provincia de Buenos Aires",SUC_Images/244.IMAGEN.190116.png,,
,SUR,CDD Longchamps,,Sarmiento Ariel,4297-1345,"Belgrano Dr, Manuel Belgrano 1453, B1854 Longchamps, Provincia de Buenos Aires",https://streetviewpixels-pa.googleapis.com/v1/thumbnail?panoid=yeR42ZSkhhvv2dxUhwoyRw&cb_client=search.gws-prod.gps&w=408&h=240&yaw=291.64496&pitch=0&thumbfov=100,,
,SUR,CDD Lomas De Zamora,,Sarmiento Ariel,,"Av. Adolfo Alsina 1953, B1832 Lomas de Zamora, Provincia de Buenos Aires",https://maps.app.goo.gl/KCG99jxcE2M8j8UUA,,
,SUR,CDD Lanús,,Sarmiento Ariel,4247-9747,"Vélez Sársfield 1371, B1824 Lanús, Provincia de Buenos Aires",https://streetviewpixels-pa.googleapis.com/v1/thumbnail?panoid=u2rvdN9oA1JQ0iEhtNeXOw&cb_client=search.gws-prod.gps&w=408&h=240&yaw=287.91458&pitch=0&thumbfov=100,,
,SUR,CDD Florencio Varela,,Sarmiento Ariel,4255-0231/6828 4287-3712,"Av. Gral. José de San Martín no 3041, Florencio Varela, Provincia de Buenos Aires",https://streetviewpixels-pa.googleapis.com/v1/thumbnail?panoid=X1i7UwfrOV1rSKVgTxNIHA&cb_client=search.gws-prod.gps&w=408&h=240&yaw=182.05553&pitch=0&thumbfov=100,,
,SUR,CDD Ezeiza,,Sarmiento Ariel,2327208,"French 198, B1804 Ezeiza, Provincia de Buenos Aires",https://streetviewpixels-pa.googleapis.com/v1/thumbnail?panoid=ML8pmZyj6X2hFuJ9eZzDoA&cb_client=search.gws-prod.gps&w=408&h=240&yaw=231.9788&pitch=0&thumbfov=100,,
,SUR,CDD Claypole,,Sarmiento Ariel,4219-0667,"Remedios de Escalada de San Martín 723, Claypole, Provincia de Buenos Aires",https://streetviewpixels-pa.googleapis.com/v1/thumbnail?panoid=koYFY6ocy62e4r54iF325Q&cb_client=search.gws-prod.gps&w=408&h=240&yaw=87.62024&pitch=0&thumbfov=100,,
,SUR,CDD Bernal,,Sarmiento Ariel,4252-3271,"Av. Los Quilmes 1938, Bernal Oeste, Provincia de Buenos Aires",https://lh5.googleusercontent.com/p/AF1QipOYs6ubhzqN3MBReuqmHhpB3Bt0RrpJ1Pv6nrxl=w426-h240-k-no,,
,SUR,CDD Berazategui,,Sarmiento Ariel,4226-5120/5140,"Av. Rigolleau 4457, B1884 Berazategui, Provincia de Buenos Aires",https://streetviewpixels-pa.googleapis.com/v1/thumbnail?panoid=LeMpiJHHDELBHFftisdwWQ&cb_client=search.gws-prod.gps&w=408&h=240&yaw=166.52043&pitch=0&thumbfov=100,,
,SUR,CDD Banfield,,Sarmiento Ariel,4248-7975,"Antonio Berutti 1248, Banfield, Provincia de Buenos Aires",https://streetviewpixels-pa.googleapis.com/v1/thumbnail?panoid=QD2BBh2FQgqtT6IZfDC5DA&cb_client=search.gws-prod.gps&w=408&h=240&yaw=181.87666&pitch=0&thumbfov=100,,
,SUR,CDD Avellaneda,,Sarmiento Ariel,4201-8782/4222-1803,"Av. Manuel Belgrano no 390, Avellaneda, Provincia de Buenos Aires",https://streetviewpixels-pa.googleapis.com/v1/thumbnail?panoid=3T2e606HpSxq3XihZOis2A&cb_client=search.gws-prod.gps&w=408&h=240&yaw=49.775326&pitch=0&thumbfov=100,,
,SUR,CDD Almirante Brown,,Sarmiento Ariel,4294-9159/9574,"Francisco Seguí 880, B1846DSR Adrogué, Provincia de Buenos Aires",https://streetviewpixels-pa.googleapis.com/v1/thumbnail?panoid=M6opLuRCUY057Z-r9yCY6A&cb_client=search.gws-prod.gps&w=408&h=240&yaw=139.07584&pitch=0&thumbfov=100,,
,SUR,Burzaco,B0099,Sarmiento Ariel,15-63726416,"Roca 983, B1852FCT Burzaco, Provincia de Buenos Aires",https://streetviewpixels-pa.googleapis.com/v1/thumbnail?panoid=GJZ7Zox_SzI-lWh_1dQtdg&cb_client=search.gws-prod.gps&w=408&h=240&yaw=208.13156&pitch=0&thumbfov=100,,
,SUR,Bernal,B0012,Sarmiento Ariel,4251-4835,"9 de Julio 14, B1876 Bernal Este, Provincia de Buenos Aires",SUC_Images/200.IMAGEN.014315.png,,
,SUR,Berazategui,B0065,Sarmiento Ariel,4256-1585,"C. 15 4751, B1884 Berazategui, Provincia de Buenos Aires",https://streetviewpixels-pa.googleapis.com/v1/thumbnail?panoid=SyQWy4xf0DQqF7MgajniBg&cb_client=search.gws-prod.gps&w=408&h=240&yaw=146.02576&pitch=0&thumbfov=100,,
,SUR,Banfield,B0727,Sarmiento Ariel,4202-4897,"Av. Adolfo Alsina 658, B1832 Banfield, Provincia de Buenos Aires",https://streetviewpixels-pa.googleapis.com/v1/thumbnail?panoid=FUYCczLpnSPTTo-rj6j4yg&cb_client=search.gws-prod.gps&w=408&h=240&yaw=96.41717&pitch=0&thumbfov=100,,
,SUR,Avellaneda,B0063,Sarmiento Ariel,4201-0083,"Av. Manuel Belgrano 390, B1870 Avellaneda, Provincia de Buenos Aires",https://streetviewpixels-pa.googleapis.com/v1/thumbnail?panoid=3T2e606HpSxq3XihZOis2A&cb_client=search.gws-prod.gps&w=408&h=240&yaw=49.775326&pitch=0&thumbfov=100,,
,SUR,Agencia Tribunales de Banfield,B1046,Sarmiento Ariel,4248-9421,"Alberto Larroque 2450, B1828 Banfield, Provincia de Buenos Aires",https://streetviewpixels-pa.googleapis.com/v1/thumbnail?panoid=VU_yObCrTscXBv-jf82Z_w&cb_client=search.gws-prod.gps&w=408&h=240&yaw=136.59814&pitch=0&thumbfov=100,,
,SUR,Agencia Hudson,B0103,Sarmiento Ariel,4215-4933,"C. 159 5443, B1885 Guillermo E Hudson, Provincia de Buenos Aires",https://streetviewpixels-pa.googleapis.com/v1/thumbnail?panoid=SbAb9JNoRxKA7e8sQ4DRDQ&cb_client=search.gws-prod.gps&w=408&h=240&yaw=27.576595&pitch=0&thumbfov=100,,
,SUR,Aeropuerto Ezeiza ,B0061,Sarmiento Ariel,5480-4490,"RN A002 5, B1802 Ezeiza, Provincia de Buenos Aires",https://lh5.googleusercontent.com/p/AF1QipOZnXY5eEajH7UwIwfDY7i1weqiAMNJeg-33EVz=w426-h240-k-no,,
,SUR,Adrogue,B0062,Sarmiento Ariel,4293-7808,"Esteban Adrogué 1076, B1846 Adrogué, Provincia de Buenos Aires",SUC_Images/177.IMAGEN.032829.png,,